[
  {
    "title": "Hoe ik Scanlet bedacht",
    "date": "2025-08-01",
    "tags": [
      "Security",
      "CLI"
    ],
    "excerpt": "Van idee tot CLI-tool: notities over API-recon, dorks en endpoint-parsing.",
    "url": "#",
    "content": "## Hoe ik Scanlet bedacht\n\nVan idee tot CLI-tool: notities over API-recon, dorks en endpoint-parsing."
  },
  {
    "title": "Koffiecafé Bot — architectuur",
    "date": "2025-07-20",
    "tags": [
      "Discord.js",
      "Node.js"
    ],
    "excerpt": "Logs, moderation, en events strak gescheiden; tips en pitfalls.",
    "url": "#",
    "content": "## Koffiecafé Bot — architectuur\n\nLogs, moderation, en events strak gescheiden; tips en pitfalls."
  }
]