[
  {
    "title": "Codeblocks",
    "desc": "Educatieve tools en lessen voor scholen. Front-end + Firebase.",
    "tags": [
      "HTML",
      "JS",
      "Firebase",
      "Education"
    ],
    "link": "#",
    "featured": true,
    "type": "Project",
    "excerpt": "Educatieve tools en lessen voor scholen. Front-end + Firebase.",
    "content": "### Over Codeblocks\nEducatieve tools en lessen voor scholen. Front-end + Firebase.",
    "order": 1
  },
  {
    "title": "Koffiecafé Security Bot",
    "desc": "Discord moderatie, logs, en mini-games. Modulair opgezet.",
    "tags": [
      "Node.js",
      "Discord.js",
      "Security"
    ],
    "link": "#",
    "featured": true,
    "type": "Project",
    "excerpt": "Discord moderatie, logs, en mini-games. Modulair opgezet.",
    "content": "### Over Koffiecafé Security Bot\nDiscord moderatie, logs, en mini-games. Modulair opgezet.",
    "order": 2
  },
  {
    "title": "Scanlet",
    "desc": "API recon CLI: ontdekt endpoints, documentatie & checks.",
    "tags": [
      "Python",
      "Security",
      "CLI"
    ],
    "link": "https://github.com/lucasenlucas/Scanlet/",
    "featured": true,
    "type": "Project",
    "excerpt": "API recon CLI: ontdekt endpoints, documentatie & checks.",
    "content": "### Over Scanlet\nAPI recon CLI: ontdekt endpoints, documentatie & checks.",
    "order": 3
  },
  {
    "title": "Lucas Planner",
    "desc": "Agenda + todo met Firebase, Zermelo integratie.",
    "tags": [
      "Webapp",
      "Firebase",
      "Productivity"
    ],
    "link": "#",
    "featured": false,
    "type": "Project",
    "excerpt": "Agenda + todo met Firebase, Zermelo integratie.",
    "content": "### Over Lucas Planner\nAgenda + todo met Firebase, Zermelo integratie.",
    "order": 4
  },
  {
    "title": "Duobingo",
    "desc": "Taalapp met XP, levels, en AI feedback.",
    "tags": [
      "Education",
      "JS",
      "Firebase"
    ],
    "link": "#",
    "featured": false,
    "type": "Project",
    "excerpt": "Taalapp met XP, levels, en AI feedback.",
    "content": "### Over Duobingo\nTaalapp met XP, levels, en AI feedback.",
    "order": 5
  }
]